"NOM_1_G","NOM","NATURE","usage","longueur"
"PL DU 11 NOVEMBRE 1918","11 NOVEMBRE 1918","PL","public",164
"R DU 4 SEPTEMBRE","4 SEPTEMBRE","R","public",387
"R DES 5 ORMES","5 ORMES","R","public",263
"SQ DU 8 MAI 1945","8 MAI 1945","SQ","public",165
"R DE L'ABBE MAURICE BAURIT","ABBE MAURICE BAURIT","R","privé",114
"VLA DES ABEILLES","ABEILLES","VLA","public",37
"AV ALBERT THOMAS","ALBERT THOMAS","AV","public",94
"PL ALBERT THOMAS","ALBERT THOMAS","PL","privé",238
"R ALEXANDRA DAVID NEEL","ALEXANDRA DAVID NEEL","R","privé",259
"ALL ALEXANDRE MARTHE","ALEXANDRE MARTHE","ALL","privé",121
"ALL ALICE","ALICE","ALL","public",414
"ALL DES ALOUETTES","ALOUETTES","ALL","public",134
"R AMEDEE GUYARD","AMEDEE GUYARD","R","public",248
"AV ANATOLE FRANCE","ANATOLE FRANCE","AV","public",710
"ALL ANDREA","ANDREA","ALL","public",273
"R ANDREI SAKHAROV","ANDREI SAKHAROV","R","public",1133
"ALL DES ANEMONES","ANEMONES","ALL","privé",116
"ALL ANNE FRANK","ANNE FRANK","ALL","public",100
"ALL ANNE SYLVESTRE","ANNE SYLVESTRE","ALL","public",86
"R ARETHA FRANKLIN","ARETHA FRANKLIN","R","public",182
"R ARTHUR GROUSSIER","ARTHUR GROUSSIER","R","public",281
"PL ARTHUR RIMBAUD","ARTHUR RIMBAUD","PL","public",68
"R ARTHUR RIMBAUD","ARTHUR RIMBAUD","R","public",143
"ALL DES ARTS","ARTS","ALL","public",129
"R AUGUSTE POLISSARD","AUGUSTE POLISSARD","R","public",336
"RTE D'AULNAY","AULNAY","RTE","public",731
"AUTOPONT","AUTOPONT","AUTRE","public",115
"R DE L'AVIATION","AVIATION","R","public",351
"ALL DES AZALEES","AZALEES","ALL","privé",29
"R BAUDIN","BAUDIN","R","public",658
"R BEAUREGARD","BEAUREGARD","R","public",174
"ALL BECQUEREL","BECQUEREL","ALL","public",270
"R DU BEL AIR","BEL AIR","R","public",151
"AV DE BELFORT","BELFORT","AV","public",557
"R B GROULT","BENOITE GROULT","R","public",106
"R BERANGER","BERANGER","R","public",293
"R BERNARD DE JUSSIEU","BERNARD DE JUSSIEU","R","public",247
"SEN BLERIOT","BLERIOT","SEN","public",52
"AV BLERIOT","BLERIOT","AV","public",188
"ALL BOILEAU","BOILEAU","ALL","public",85
"R DU BON AIR","BON AIR","R","public",152
"R DE BONDY","BONDY","R","public",106
"R BORDIER","BORDIER","R","public",370
"R BOREL","BOREL","R","public",216
"ALL DES BOSQUETS","BOSQUETS","ALL","public",64
"ALL DES BOULEAUX","BOULEAUX","ALL","privé",132
"VLA DU BRECHET","BRECHET","VLA","privé",68
"R DU BREUIL","BREUIL","R","public",459
"VLA DU BREUIL","BREUIL","VLA","privé",74
"RPT BUISSON","BUISSON","RPT","public",80
"R DE LA BUTTE","BUTTE","R","public",165
"AV CADERAS","CADERAS","AV","public",206
"VLA CARNOT","CARNOT","VLA","public",142
"AV CARNOT","CARNOT","AV","public",863
"IMP CARNOT","CARNOT","IMP","public",70
"CH DES CARROUGES","CARROUGES","CH","public",499
"VLA DES CERISES","CERISES","VLA","privé",87
"R CESAR DELAINE","CESAR DELAINE","R","public",134
"R DU CHALET","CHALET","R","public",265
"R DU CHAMPART","CHAMPART","R","public",81
"R CHARLES FERDINAND","CHARLES FERDINAND","R","public",344
"ALL CHARLES GOUNOD","CHARLES GOUNOD","ALL","privé",102
"R CHARLES MAGNE","CHARLES MAGNE","R","privé",228
"R DU CHEMIN DE FER PROLONGEE","CHEMIN DE FER PROLONGEE","R","public",447
"ALL DES CHENES","CHENES","ALL","public",125
"AV CLARA GRANDET","CLARA GRANDET","AV","public",217
"ALL CLAUDE DEBUSSY","CLAUDE DEBUSSY","ALL","privé",104
"ESPL CLAUDE FUZIER","CLAUDE FUZIER","ESPL","public",58
"R DU CLOS VAILLANT","CLOS VAILLANT","R","privé",146
"ALL DES COLOMBES","COLOMBES","ALL","public",89
"R COMPAGNON","COMPAGNON","R","public",192
"ALL DE LA CONCORDE","CONCORDE","ALL","public",232
"ALL CONDORCET","CONDORCET","ALL","privé",50
"R DU COQ GAULOIS","COQ GAULOIS","R","public",45
"ALL DES COQUELICOTS","COQUELICOTS","ALL","public",161
"ALL CORNEILLE","CORNEILLE","ALL","public",350
"ALL DES COURTS SILLONS","COURTS SILLONS","ALL","public",199
"R DE CRONSTADT","CRONSTADT","R","public",147
"R DU CYCLE","CYCLE","R","public",226
"D78","D78","AUTRE","public",131
"ALL DES DAHLIAS","DAHLIAS","ALL","privé",142
"R DAVID LEDER","DAVID LEDER","R","public",312
"PL CHARLES DE GAULLE","DE GAULLE","PL","public",124
"AV DENISE","DENISE","AV","public",134
"R DESIRE LEON","DESIRE LEON","R","public",139
"PAS DES DEUX VILLES","DEUX VILLES","PAS","public",204
"ALL DE LA DEVINIERE","DEVINIERE","ALL","privé",63
"PL DE LA DIVISION LECLERC","DIVISION LECLERC","PL","public",103
"ALL DOMINIQUE INGRES","DOMINIQUE INGRES","ALL","privé",26
"R DES DROITS DE L'HOMME","DROITS DE L'HOMME","R","public",140
"AV DUMESNIL","DUMESNIL","AV","public",186
"R DES ECOLES","ECOLES","R","public",188
"R EDOUARD VAILLANT","EDOUARD VAILLANT","R","public",1607
"ALL DE L'EGALITE","EGALITE","ALL","public",76
"R DE L'EGALITE","EGALITE","R","public",189
"R EMILE ZOLA","EMILE ZOLA","R","public",108
"R EMMANUEL FAIRON","EMMANUEL FAIRON","R","public",145
"ALL DES ERABLES","ERABLES","ALL","privé",234
"R ERIC TABARLY","ERIC TABARLY","R","public",123
"R DES ESCHOLIERS","ESCHOLIERS","R","public",126
"AV DE L'ESPERANCE","ESPERANCE","AV","public",283
"ALL ESPERANTO","ESPERANTO","ALL","public",81
"AV DE L'EST","EST","AV","public",499
"R ETIENNE DOLET","ETIENNE DOLET","IMP","privé",99
"R ETIENNE DOLET","ETIENNE DOLET","R","public",538
"ALL DE L'ETOILE","ETOILE","ALL","public",353
"PL EUDEMON","EUDEMON","PL","public",26
"ALL EUGENE DELACROIX","EUGENE DELACROIX","ALL","privé",59
"R EUGENE MASSON","EUGENE MASSON","R","public",314
"R EUGENE VARLIN","EUGENE VARLIN","R","public",177
"ALL DE LA FAUVETTE","FAUVETTE","ALL","privé",176
"R DU FER A CHEVAL","FER A CHEVAL","R","privé",189
"IMP FERNAND POTTIER","FERNAND POTTIER","IMP","public",75
"PL DES FLEURS","FLEURS","PL","privé",79
"VLA FLEURY","FLEURY","VLA","public",162
"R DES FLORALIES","FLORALIES","R","privé",114
"R FONTAINE","FONTAINE","R","public",435
"PONT DE LA FORET","FORET","PONT","public",70
"ALL DES FOUGERES","FOUGERES","ALL","privé",69
"R FRANCOIS COLLET","FRANCOIS COLLET","R","public",205
"R FRANCOIS MARTIN","FRANCOIS MARTIN","R","privé",399
"R FRANCOIS VILLON","FRANCOIS VILLON","R","privé",347
"R FRANCOISE HERITIER","FRANCOISE HERITIER","R","public",122
"R DES FRANCS AUBIERS","FRANCS AUBIERS","R","public",223
"R DE LA FRATERNITE","FRATERNITE","R","public",202
"R FREMIN","FREMIN","R","public",261
"ALL DES FRENES","FRENES","ALL","privé",103
"R DES FRERES DARTY","FRERES DARTY","R","public",204
"ALL DE FURCI","FURCI","ALL","privé",273
"ALL GABRIEL FAURE","GABRIEL FAURE","ALL","privé",91
"VLA GABRIEL SEAILLES","GABRIEL SEAILLES","VLA","privé",101
"ALL GABRIELLE","GABRIELLE","ALL","privé",242
"AV GALLIENI","GALLIENI","AV","public",3341
"R GARGANTUA","GARGANTUA","R","public",102
"R GASTON DEFFERRE","GASTON DEFFERRE","R","public",349
"R GATINE","GATINE","R","public",178
"R DES GAZELLES","GAZELLES","R","public",174
"AV GENEVIEVE ANTHONIOZ DE GAULLE","GENEVIEVE ANTHONIOZ DE GAULLE","AV","privé",596
"IMP GEORGES BRASSENS","GEORGES BRASSENS","IMP","public",61
"R GEORGES ELIE","GEORGES ELIE","R","public",352
"R GEORGES GRAFF","GEORGES GRAFF","R","public",177
"PL GEORGES LYSSANDRE","GEORGES LYSSANDRE","PL","privé",881
"ALL GEORGES SAND","GEORGES SAND","ALL","public",311
"R GERMAINE TILLION","GERMAINE TILLION","R","public",140
"R GISELE HALIMI","GISELE HALIMI","R","public",76
"ALL DES GLAIEULS","GLAIEULS","ALL","privé",78
"ALL DES GLYCINES","GLYCINES","ALL","privé",62
"ALL GOYA","GOYA","ALL","privé",25
"ALL DU GROS BUISSON","GROS BUISSON","ALL","public",134
"CH DE GROSLAY","GROSLAY","CH","public",1211
"AV GUEUGNON","GUEUGNON","AV","public",222
"R GUILLAUME APOLLINAIRE","GUILLAUME APOLLINAIRE","R","privé",443
"R GUY DE MAUPASSANT","GUY DE MAUPASSANT","R","public",232
"ALL HANNAH ARENDT","HANNAH ARENDT","ALL","public",189
"IMP HAYDN","HAYDN","IMP","privé",31
"ALL HECTOR BERLIOZ","HECTOR BERLIOZ","ALL","privé",135
"R HELENE BOUCHER","HELENE BOUCHER","R","privé",312
"R HENRI ALPY","HENRI ALPY","R","public",342
"AV HENRI BARBUSSE","HENRI BARBUSSE","AV","public",1380
"R HENRI DOUILLOT","HENRI DOUILLOT","R","public",397
"R HENRI DUNANT","HENRI DUNANT","R","privé",307
"R HENRI MOULY","HENRI MOULY","R","privé",315
"R HENRI ROL TANGUY","HENRI ROL TANGUY","R","privé",187
"AV HENRI VARAGNAT","HENRI VARAGNAT","AV","public",808
"R HENRY ESPAULLARD","HENRY ESPAULLARD","R","public",75
"ALL DES HETRES","HETRES","ALL","public",185
"ALL DES HORTENSIAS","HORTENSIAS","ALL","privé",78
"QUAI HUBERTINE AUCLERT","HUBERTINE AUCLERT","QUAI","public",1505
"AV DE L'IDEAL","IDEAL","AV","public",281
"ALL DES IRIS","IRIS","ALL","privé",91
"R JACQUELINE AURIOL","JACQUELINE AURIOL","R","privé",263
"IMP JACQUES BREL","JACQUES BREL","IMP","public",163
"ALL DE LA JARDINIERE","JARDINIERE","ALL","public",269
"IMP DE LA JARDINIERE","JARDINIERE","IMP","public",30
"R JEAN-MARIE TJIBAOU","JEAN-MARIE TJIBAOU","R","public",126
"ALL JEAN COURTADE","JEAN COURTADE","ALL","privé",90
"R JEAN JACQUES ROUSSEAU","JEAN JACQUES ROUSSEAU","R","public",153
"R JEAN JAURES","JEAN JAURES","R","public",481
"AV JEAN LEBAS","JEAN LEBAS","AV","public",212
"R JEAN MONNET","JEAN MONNET","R","public",384
"AV JEAN MOULIN","JEAN MOULIN","AV","public",558
"R JEAN PIERRE LEVY","JEAN PIERRE LEVY","R","public",140
"IMP JEAN WIENER","JEAN WIENER","IMP","public",38
"ALL JOACHIM DU BELLAY","JOACHIM DU BELLAY","ALL","privé",79
"R JOE CARMAN","JOE CARMAN","R","public",204
"ALL JOSE MARTI","JOSE MARTI","ALL","public",109
"RPT JOUHAUX","JOUHAUX","RPT","public",129
"R JULES AUFFRET","JULES AUFFRET","R","public",355
"AV JULES FERRY","JULES FERRY","AV","public",274
"R JULES GUESDE","JULES GUESDE","R","public",769
"R JULES LECOMTE","JULES LECOMTE","R","public",191
"R JULES LELONG","JULES LELONG","R","public",114
"R JULIE VICTOIRE DAUBIE","JULIE VICTOIRE DAUBIE","R","public",70
"CH LATERAL","LATERAL","CH","public",579
"R LAUG","LAUG","R","public",116
"ALL DES LAURIERS","LAURIERS","ALL","privé",67
"VLA LAVIGNE","LAVIGNE","VLA","public",62
"ALL LEON","LEON","ALL","public",150
"AV LEON BLUM","LEON BLUM","AV","public",588
"AV LEON JOUHAUX","LEON JOUHAUX","AV","privé",383
"ALL DES LETTRES","LETTRES","ALL","public",198
"R DU LEVANT","LEVANT","R","public",319
"PL DE LA LIBERTE","LIBERTE","PL","public",84
"IMP DE LA LIBERTE","LIBERTE","IMP","public",30
"R DE LA LIBERTE","LIBERTE","R","public",599
"ALL DES LILAS","LILAS","ALL","privé",151
"R DES LIMITES","LIMITES","R","public",100
"R DU LION","LION","R","public",165
"R LOUIS AUGUSTE BLANQUI","LOUIS AUGUSTE BLANQUI","R","public",1673
"R LOUIS LEON COLLIGNON","LOUIS LEON COLLIGNON","R","public",200
"ALL LOUISE","LOUISE","ALL","public",69
"ALL LOUISE MICHEL","LOUISE MICHEL","ALL","public",80
"ALL LOUISE WEISS","LOUISE WEISS","ALL","privé",23
"R LUCIE AUBRAC","LUCIE AUBRAC","R","public",168
"R LUCIEN CHAPELAIN","LUCIEN CHAPELAIN","R","public",642
"VLA MADELEINE","MADELEINE","VLA","public",115
"AV MAL DE LATTRE DE TASSIGNY","MAL DE LATTRE DE TASSIGNY","AV","public",446
"ALL MANET","MANET","ALL","privé",53
"R MARCEL DASSAULT","MARCEL DASSAULT","R","public",648
"R MARCEL PAUL","MARCEL PAUL","R","public",339
"ALL MARCEL SEMBAT","MARCEL SEMBAT","ALL","public",320
"R MARCELLIN BERTHELOT","MARCELLIN BERTHELOT","R","public",110
"CH DE LA MARE A LA VEUVE","MARE A LA VEUVE","CH","public",217
"CH DE LA MARE A LA VEUVE PROLONGEE","MARE A LA VEUVE PROLONGEE","CH","public",277
"AV MARGUERITE","MARGUERITE","AV","public",145
"R MARGUERITE DURAS","MARGUERITE DURAS","R","public",166
"ALL MARIA DERAIMES","MARIA DERAIMES","ALL","privé",113
"ALL MARIE-JOSE CHOMBART DE LAUWE","MARIE-JOSE CHOMBART DE LAUWE","ALL","public",131
"MAIL MARIE-MADELEINE FOURCADE","MARIE-MADELEINE FOURCADE","MAIL","public",84
"AV MARIE CURIE","MARIE CURIE","AV","public",203
"ALL MARIE LAURENCIN","MARIE LAURENCIN","ALL","privé",58
"VLA DES MARRONNIERS","MARRONNIERS","VLA","privé",71
"R MARTIN LUTHER KING","MARTIN LUTHER KING","R","privé",266
"AV MARX DORMOY","MARX DORMOY","AV","public",453
"ALL MARYSE BASTIE","MARYSE BASTIE","ALL","privé",104
"IMP MAURICE BENHAMOU","MAURICE BENHAMOU","IMP","public",55
"AV MAURICE BENHAMOU","MAURICE BENHAMOU","AV","public",247
"R DE MEAUX","MEAUX","R","public",377
"CH DU MERLAN","MERLAN","CH","public",104
"AV DES MESARMES","MESARMES","AV","public",224
"AV DE METZ","METZ","AV","public",447
"R MICHELET","MICHELET","R","public",394
"PAS MICHELET","MICHELET","PAS","privé",102
"R DU MIDI","MIDI","R","public",313
"ALL MIGNARD","MIGNARD","ALL","privé",23
"ALL MILLET","MILLET","ALL","privé",63
"R DU MOLERET","MOLERET","R","public",62
"ALL MOLIERE","MOLIERE","ALL","public",100
"ALL MONTPLAISIR","MONTPLAISIR","ALL","public",169
"CH DE MONTREUIL A CLAYE","MONTREUIL A CLAYE","CH","public",241
"ALL DU MOULIN","MOULIN","ALL","public",166
"ALL MOZART","MOZART","ALL","public",98
"ALL DU MUGUET","MUGUET","ALL","public",129
"R NADIA MURAD","NADIA MURAD","R","public",282
"AV DE NANCY","NANCY","AV","public",229
"R NEUVE","NEUVE","R","privé",98
"PL NICOLE NEUBURGER","NICOLE NEUBURGER","PL","privé",950
"R NOEMIE","NOEMIE","R","public",161
"R DENYS COCHIN","NYS COCHIN","R","public",282
"R ODETTE PAIN","ODETTE PAIN","R","public",215
"ALL DES ORCHIDEES","ORCHIDEES","ALL","privé",217
"ALL DE L'ORME","ORME","ALL","public",361
"ALL PABLO NERUDA","PABLO NERUDA","ALL","public",189
"ALL DE LA PAIX","PAIX","ALL","public",281
"MAIL PANTAGRUEL","PANTAGRUEL","MAIL","public",141
"R DE PANURGE","PANURGE","R","public",103
"ALL DES PAQUERETTES","PAQUERETTES","ALL","privé",140
"R DE PARIS","PARIS","R","public",71
"IMP DE LA PARISIENNE","PARISIENNE","IMP","privé",72
"AV DE LA PARISIENNE","PARISIENNE","AV","public",265
"VLA PARMENTIER","PARMENTIER","VLA","privé",115
"AV PASTEUR","PASTEUR","AV","public",635
"R PAUL ELUARD","PAUL ELUARD","R","privé",178
"ALL PAUL LAFARGUE","PAUL LAFARGUE","ALL","privé",208
"R PAUL RENAUD","PAUL RENAUD","R","public",301
"R PAUL VAILLANT COUTURIER","PAUL VAILLANT COUTURIER","R","public",411
"R PAULINE ROGER","PAULINE ROGER","R","public",217
"ALL DES PENSEES","PENSEES","ALL","privé",75
"R DES PEUPLIERS","PEUPLIERS","R","public",186
"R PHILEAS COLLARDEAU","PHILEAS COLLARDEAU","R","public",213
"R DE LA PHILOSOPHIE","PHILOSOPHIE","R","public",205
"SEN PIERRE BOURDIEU","PIERRE BOURDIEU","SEN","privé",104
"R PIERRE BROSSOLETTE","PIERRE BROSSOLETTE","R","public",112
"R PIERRE DE RONSARD","PIERRE DE RONSARD","R","public",58
"ALL DES PINSONS","PINSONS","ALL","public",141
"R DE PLAISANCE","PLAISANCE","R","public",176
"AV DES PLATANES","PLATANES","AV","public",194
"PONT","PONT","RPE","public",108
"CH DU PONT","PONT","CH","public",239
"ALL POQUE","POQUE","ALL","privé",104
"R DU POTAGER","POTAGER","R","privé",381
"ALL POTTIER","POTTIER","ALL","public",158
"R DE PRESSENSE","PRESSENSE","R","public",212
"ALL DES PRIMEVERES","PRIMEVERES","ALL","privé",340
"R DU PROFESSEUR VAILLANT","PROFESSEUR VAILLANT","R","public",258
"R DU PROGRES","PROGRES","R","public",292
"AV DU QUATORZE JUILLET","QUATORZE JUILLET","AV","public",823
"R RABELAIS","RABELAIS","R","privé",179
"ALL RACINE","RACINE","ALL","public",328
"R RAOUL","RAOUL","R","public",241
"ALL RAPHAEL","RAPHAEL","ALL","privé",33
"ALL RASPAIL","RASPAIL","ALL","public",306
"ALL DE LA REGALE","REGALE","ALL","public",127
"ALL DU RENDEZ VOUS","RENDEZ VOUS","ALL","public",359
"SEN RENE CHAR","RENE CHAR","SEN","public",76
"R RENE CHAR","RENE CHAR","R","public",523
"IMP RENE CLAIR","RENE CLAIR","IMP","public",44
"R RENE DUMONT","RENE DUMONT","R","public",114
"ALL DES RENONCULES","RENONCULES","ALL","privé",217
"PL DE LA REPUBLIQUE","REPUBLIQUE","PL","public",108
"CRS DE LA REPUBLIQUE","REPUBLIQUE","CRS","public",297
"AV DE LA REPUBLIQUE","REPUBLIQUE","AV","public",564
"R ROBERT BONNET","ROBERT BONNET","R","public",203
"R ROBERT DOUVILLEZ","ROBERT DOUVILLEZ","R","public",350
"R ROGER PANNEQUIN","ROGER PANNEQUIN","R","public",50
"R ROGER SALENGRO","ROGER SALENGRO","R","public",1131
"R ROMAIN ROLLAND","ROMAIN ROLLAND","R","public",58
"ALL DES ROSES","ROSES","ALL","privé",75
"AV DE ROSNY","ROSNY","AV","public",558
"AV ROUGET DE LISLE","ROUGET DE LISLE","AV","public",147
"R RUDYARD KIPLING","RUDYARD KIPLING","R","public",56
"ALL RULHIERE","RULHIERE","ALL","public",173
"R SAINT-LOUIS","SAINT-LOUIS","R","public",96
"R SAINT-LOUIS PROLONGEE","SAINT-LOUIS PROLONGEE","R","public",422
"R SAINTE-BARBE","SAINTE-BARBE","R","public",121
"RLE SAINTE-BARBE","SAINTE-BARBE","RLE","public",66
"ALL SAN MARTIN","SAN MARTIN","ALL","public",85
"CITE DES SAULES","SAULES","CITE","privé",302
"PL SCHOELCHER","SCHOELCHER","PL","public",86
"AV DES SCIENCES","SCIENCES","AV","public",418
"R SERGE RAVANEL","SERGE RAVANEL","R","public",157
"R DU SERGENT BOBILLOT","SERGENT BOBILLOT","R","public",329
"ALL SIMON BOLIVAR","SIMON BOLIVAR","ALL","public",152
"R SIMONE DE BEAUVOIR","SIMONE DE BEAUVOIR","R","privé",328
"R SIMONE VEIL","SIMONE VEIL","R","public",160
"R DE LA SOLIDARITE","SOLIDARITE","R","public",363
"IMP DE LA SOLIDARITE","SOLIDARITE","IMP","privé",29
"ALL DES SORBIERS","SORBIERS","ALL","privé",152
"RTE DE STAINS","STAINS","RTE","public",207
"ALL SURCOUF","SURCOUF","ALL","public",54
"R SUZANNE BLIN","SUZANNE BLIN","R","public",74
"AV SUZANNE BUISSON","SUZANNE BUISSON","AV","public",287
"ALL DES SYCOMORES","SYCOMORES","ALL","privé",159
"ALL DES SYLPHES","SYLPHES","ALL","public",172
"R DE LA TERRE SAINT-BLAISE","TERRE SAINT-BLAISE","R","public",357
"R THEODORE MONOD","THEODORE MONOD","R","public",128
"ALL THERESE","THERESE","ALL","public",345
"VLA THOREL","THOREL","VLA","public",78
"ALL DES TILLEULS","TILLEULS","ALL","public",202
"VOIE TRAM TRAIN","TRAM TRAIN","VOIE","public",1289
"R DE TREMEUGE","TREMEUGE","R","public",273
"R TRINQUAMELLE","TRINQUAMELLE","R","privé",192
"ALL DES TULIPES","TULIPES","ALL","privé",61
"R DE L'UNION","UNION","R","public",175
"R DE VARSOVIE","VARSOVIE","R","public",404
"AV DE VERDUN","VERDUN","AV","public",615
"R DU VERGER","VERGER","R","public",187
"RPT DU VERGER","VERGER","RPT","public",129
"R DE VERSAILLES","VERSAILLES","R","public",321
"ALL VICTOR HUGO","VICTOR HUGO","ALL","privé",33
"R DU VIEUX CHATEAU","VIEUX CHATEAU","R","public",108
"R DU VIEUX MOULIN","VIEUX MOULIN","R","public",311
"ALL DES VIGNES","VIGNES","ALL","public",151
"ALL DE LA VILLA JEANNETTE","VILLA JEANNETTE","ALL","public",162
"AV DE LA VILLAGEOISE","VILLAGEOISE","AV","public",425
"AV DE LA VILLEGIATURE","VILLEGIATURE","AV","public",352
"RTE DE VILLEMOMBLE","VILLEMOMBLE","RTE","public",1512
"IMP DES VIOLETTES","VIOLETTES","IMP","privé",41
"ALL VOLTAIRE","VOLTAIRE","ALL","public",59
"ALL WATTEAU","WATTEAU","ALL","privé",45
"R YVONNE","YVONNE","R","public",258
