organisme,convention,numero,numOK,Type de voie,Nom de voie,nomVoieOK,Type de logement,nb logements,ville,cp,result1,result_score1
IMMOBILIERE 3F,93/2016/2011-1191/130,4-16,8,RUE,.GASTON DEFFERRE,GASTON DEFFERRE,L,63,bondy,93140,16 Rue Gaston Defferre 93140 Bondy,0.92
BONDY HABITAT,93/2001/99-864/010,1-17,11,PLACE,ALBERT THOMAS,ALBERT THOMAS,L,211,bondy,93140,17 Place Albert Thomas 93140 Bondy,0.91
IMMOBILIERE 3F,93/1988/AC/074,1,1,RUE,"ARTHUR GROUSSIER 
FONTAINE
MARX DORMOY",ARTHUR GROUSSIER,L,242,bondy,93140,1 Rue Arthur Groussier 93140 Bondy,0.61
BONDY HABITAT,93/1987/85-1231/038,17 à 19,17,RUE,AUGUSTE POLLISSARD,AUGUSTE POLLISSARD,L,100,bondy,93140,19 Rue Auguste Polissard 93140 Bondy,0.84
BONDY HABITAT,93/2013/2002-844/043 bis,29,29,RUE,"AUGUSTE POLLISSARD 
DES FRERES DARTY",DES FRERES DARTY,L,3,bondy,93140,29 Rue Auguste Polissard 93140 Bondy,0.66
BONDY HABITAT,93/2013/2002-844/043,29,29,RUE,"AUGUSTE POLLISSARD 
DES FRERES DARTY",DES FRERES DARTY,L,23,bondy,93140,29 Rue Auguste Polissard 93140 Bondy,0.66
IMMOBILIERE 3F,93/1988/AC/077,"1 et 5-7
2 et 8-16
1-3",8,RUE,"BAUDELAIRE 
FRANCOIS VILLON
RONSARD",FRANCOIS VILLON,L,40,bondy,93140,3 Rue François Villon 93140 Bondy,0.46
BONDY HABITAT,93/2009/2002-844/045,11,11,AVENUE,CARNOT,CARNOT,L,7,bondy,93140,11 Avenue Carnot 93140 Bondy,0.98
BONDY HABITAT,93/2017/2011-1191/071,107,107,AVENUE,CARNOT,CARNOT,L,8,bondy,93140,107 Avenue Carnot 93140 Bondy,0.98
BONDY HABITAT,93/2017/2011-1191/070,107,107,AVENUE,CARNOT,CARNOT,L,36,bondy,93140,107 Avenue Carnot 93140 Bondy,0.98
ADOMA,93/1981/79-296/057,58/62,60,ROUTE,D'AULNAY,D'AULNAY,F,75,bondy,93140,62 Route d?Aulnay 93140 Bondy,0.88
ADOMA,93/2015/2011-356/232,58-62,60,ROUTE,D'AULNAY,D'AULNAY,F,101,bondy,93140,62 Route d?Aulnay 93140 Bondy,0.88
SEINE-SAINT-DENIS HABITAT,93/1997/85-1231/091,2/16 et 1/7,16,ALLEE,DE FURCI,DE FURCI,L,95,bondy,93140,7 Allee de Furci 93140 Bondy,0.72
BONDY HABITAT,93/1988/85-1231/059,4,4,RUE,DE L' ÉGALITÉ,DE L' ÉGALITÉ,L,12,bondy,93140,4 Rue de l?Egalité 93140 Bondy,0.97
LOGIREP,93/2017/2011-1191/023,9,9,RUE,DE LA LIBERTE,DE LA LIBERTE,L ,4,bondy,93140,9 Rue de la Liberté 93140 Bondy,0.97
ICF LA SABLIERE,93/2018/2011-1191/084,6/8/10/12,8,RUE,DE LA LIBERTE,DE LA LIBERTE,L,8,bondy,93140,12 Rue de la Liberté 93140 Bondy,0.8
ICF LA SABLIERE,93/2018/2011-1191/085,6/8/10/12,8,RUE,DE LA LIBERTE,DE LA LIBERTE,L,10,bondy,93140,12 Rue de la Liberté 93140 Bondy,0.8
LOGIREP,93/2017/2011-1191/022,9,9,RUE,DE LA LIBERTE,DE LA LIBERTE,L,16,bondy,93140,9 Rue de la Liberté 93140 Bondy,0.97
LOGIREP,93/2017/2011-1191/024,9,9,RUE,DE LA LIBERTE,DE LA LIBERTE,L,18,bondy,93140,9 Rue de la Liberté 93140 Bondy,0.97
ICF LA SABLIERE,93/2018/2011-1191/083,6/8/10/12,10,RUE,DE LA LIBERTE,DE LA LIBERTE,L,21,bondy,93140,12 Rue de la Liberté 93140 Bondy,0.8
BONDY HABITAT,93/2010/2002-844/097,29,29,ALLEE,DE LA PAIX,DE LA PAIX,L,30,bondy,93140,29 Allée de la Paix 93140 Bondy,0.97
IMMOBILIERE 3F,93/1988/AC/086,"1/3/5
1 à 7 (imp.) 1/3/5/13 
2/24 (pairs)
1/17 (imp.)
1/9 (imp.)",3,"ALLEE 
RUE 
RUE 
RUE
AVENUE 
RUE","DE LA PASSE AUX DAIMS 
DE LA TERRE SAINT BLAISE
 DES ESCHOLIERS
DES FRANCS AUBIERS 
LEON JOUHAUX
RABELAIS",DE LA PASSE AUX DAIMS,L,393,bondy,93140,Avenue Leon Jouhaux 93140 Bondy,0.2
BONDY HABITAT,93/2018/2011-1191/163,35,35,COURS,DE LA REPUBLIQUE,DE LA REPUBLIQUE,L,11,bondy,93140,35 Cours de la République 93140 Bondy,0.97
BATIGERE EN IDF,93/1993/85-1231/086,20,20,AVENUE,DE LA REPUBLIQUE,DE LA REPUBLIQUE,L,20,bondy,93140,20 Avenue de la République 93140 Bondy,0.97
IMMOBILIERE 3F,93/2018/2011-1191/030,10,10,RUE,DE LA TERRE SAINT BLAISE,DE LA TERRE SAINT BLAISE,L,7,bondy,93140,10 Rue de la Terre Saint-Blaise 93140 Bondy,0.96
BONDY HABITAT,93/2017/2011-1191/170,56,56,AVENUE,DE LATTRE DE TASSIGNY,DE LATTRE DE TASSIGNY,L,6,bondy,93140,56 Av du Mal de Lattre de Tassigny 93140 Bondy,0.73
BONDY HABITAT,93/2017/2011-1191/169,56,56,AVENUE,DE LATTRE DE TASSIGNY,DE LATTRE DE TASSIGNY,L,24,bondy,93140,56 Av du Mal de Lattre de Tassigny 93140 Bondy,0.73
BONDY HABITAT,93/2014/2011-1191/019,70,70,AVENUE,DE LATTRE DE TASSIGNY,DE LATTRE DE TASSIGNY,L,33,bondy,93140,70 Av du Mal de Lattre de Tassigny 93140 Bondy,0.73
BONDY HABITAT,93/2011/2002-844/071,2 bis,2,AVENUE,DE LATTRE DE TASSIGNY,DE LATTRE DE TASSIGNY,L,51,bondy,93140,2bis Av du Mal de Lattre de Tassigny 93140 Bondy,0.7
BONDY HABITAT,93/1999/85-1231/087,2 à 48,24,AVENUE,DE LATTRE DE TASSIGNY,DE LATTRE DE TASSIGNY,L,344,bondy,93140,48 Av du Mal de Lattre de Tassigny 93140 Bondy,0.69
BONDY HABITAT,93/2017/2011-1191/171,"56
1",1,"AVENUE 
ALLEE","DE LATTRE DE TASSIGNY
 GEORGE SAND", GEORGE SAND,L,22,bondy,93140,1 Av du Mal de Lattre de Tassigny 93140 Bondy,0.55
BONDY HABITAT,93/2017/2011-1191/059,34,34,RUE,DE VARSOVIE,DE VARSOVIE,L,1,bondy,93140,34 Rue de Varsovie 93140 Bondy,0.97
BONDY HABITAT,93/2017/2011-1191/058,34,34,RUE,DE VARSOVIE,DE VARSOVIE,L,19,bondy,93140,34 Rue de Varsovie 93140 Bondy,0.97
BONDY HABITAT,93/1992/85-1231/008,63 à 71,67,RUE,DE VERSAILLES,DE VERSAILLES,L -,33,bondy,93140,71 Rue de Versailles 93140 Bondy,0.85
ICF LA SABLIERE,93/1994/85-1231/040,132 à 168,150,ROUTE,DE VILLEMOMBLE,DE VILLEMOMBLE,L,376,bondy,93140,168 Route de Villemomble 93140 Bondy,0.84
SEQENS,93/1985/78-1307/137,15,15,ALLEE,DES ARTS,DES ARTS,L,11,bondy,93140,15 Allée des Arts 93140 Bondy,0.97
IMMOBILIERE 3F,93/2014/2002-844/012,11,11,RUE,DES ESCHOLIERS,DES ESCHOLIERS,L,37,bondy,93140,11 Rue des Escholiers 93140 Bondy,0.96
IMMOBILIERE 3F,93/2014/2002-844/011,11,11,RUE,"DES ESCHOLIERS 
LEON JOUHAUX",DES ESCHOLIERS,L,5,bondy,93140,11 Avenue Leon Jouhaux 93140 Bondy,0.57
BONDY HABITAT,93/2014/2011-1191/020,2,2,RUE,"DES FRERES DARTY 
JULES GUESDE",DES FRERES DARTY,L,19,bondy,93140,2 Rue des Frères Darty 93140 Bondy,0.71
BONDY HABITAT,93/2010/2002-844/161,1,1,ALLEE,"DES PAQUERETTES 
DES ANEMONES 
DES PRIMEVERES 
DES PENSEES
DES ORCHIDEES 
DES PAQUERETTES 
DES RENONCULES 
DES LILAS
DES VIOLETTES 
MARECHAL DE LATTRE DE TASSIGNY",DES PAQUERETTES ,L,590,bondy,93140,1 Allee des Paquerettes 93140 Bondy,0.23
IMMOBILIERE 3F,93/2010/2002-844/059,45,45,AVENUE,DES SCIENCES,DES SCIENCES,L,1,bondy,93140,45 Avenue des Sciences 93140 Bondy,0.97
PRIVÉ,93/2000/78-1307/045,3,3,ALLEE,DES SYCOMORES ,DES SYCOMORES ,L,1,bondy,93140,3 Allee des Sycomores 93140 Bondy,0.96
CDC HABITAT SOCIAL,93/1993/85-1231/081,1-3-5-7,5,RUE,DU BREUIL,DU BREUIL,L,48,bondy,93140,7 Rue du Breuil 93140 Bondy,0.8
BONDY HABITAT,93/1999/85-1231/076,2 à 22,10,RUE,DU POTAGER,DU POTAGER,L,209,bondy,93140,22 Rue du Potager 93140 Bondy,0.85
BONDY HABITAT,93/1997/85-1231/006,"16/20
et 17/39",20,RUE,DU SERGENT BOBILLOT,DU SERGENT BOBILLOT,L,247,bondy,93140,39 Rue du Sergent Bobillot 93140 Bondy,0.75
IMMOBILIERE 3F,93/2012/2002-844/164,153,153,RUE,EDOUARD VAILLANT,EDOUARD VAILLANT,L,4,bondy,93140,153 Rue Edouard Vaillant 93140 Bondy,0.98
1001VIES HABITAT,93/1981/79-444/015,,,RUE,EDOUARD VAILLANT,EDOUARD VAILLANT,L,37,bondy,93140,Rue Edouard Vaillant 93140 Bondy,0.98
IMMOBILIERE 3F,93/2012/2002-844/163,153,153,RUE,EDOUARD VAILLANT,EDOUARD VAILLANT,L,41,bondy,93140,153 Rue Edouard Vaillant 93140 Bondy,0.98
ANTIN RESIDENCES,93/1993/85-1231/149,166-168-170,168,RUE,EDOUARD VAILLANT,EDOUARD VAILLANT,L,49,bondy,93140,170 Rue Edouard Vaillant 93140 Bondy,0.81
IMMOBILIERE 3F,93/2013/2011-1191/180,2,2,PLACE,EUDEMON,EUDEMON,L,4,bondy,93140,2 Place Eudémon 93140 Bondy,0.96
IMMOBILIERE 3F, 937/2011-1191/179,"2 et 4
2",4,"PLACE
RUE","EUDEMON 
GARGANTUA",EUDEMON,L,37,bondy,93140,2 Rue Gargantua 93140 Bondy,0.56
ANTIN RESIDENCES,93/2017/2011-1191/083,15-17,15,RUE,FONTAINE,FONTAINE,L,8,bondy,93140,17 Rue Fontaine 93140 Bondy,0.88
ANTIN RESIDENCES,93/2017/2011-1191/084,15-17,15,RUE,FONTAINE,FONTAINE,L,12,bondy,93140,17 Rue Fontaine 93140 Bondy,0.88
VILOGIA,93/1985/78-1307/124,25,25,RUE,FONTAINE,FONTAINE,L,13,bondy,93140,25 Rue Fontaine 93140 Bondy,0.97
ANTIN RESIDENCES,93/2017/2011-1191/082,15-17,15,RUE,FONTAINE,FONTAINE,L,22,bondy,93140,17 Rue Fontaine 93140 Bondy,0.88
SA HLM DU DEPARTEMENT DE L'AISNE,93/2017/2011-1191/095,33,33,RUE,FONTAINE,FONTAINE,L,59,bondy,93140,33 Rue Fontaine 93140 Bondy,0.97
BONDY HABITAT,93/1999/85-1231/077,"2-20
2-16
45 bis à 51 bis
173  et 179
2",20,RUE,"G.  APOLLINAIRE 
P.ELUARD
L. A. BLANQUI
E. VAILLANT 
DU MOLERET",GUILLAUME APOLLINAIRE,L,394,bondy,93140,2 Rue Edouard Vaillant 93140 Bondy,0.31
PRIVÉ,093-S-LS-201804-0051,211,211,AVENUE,GALLIENI,GALLIENI,L,1,bondy,93140,211 Avenue Galliéni 93140 Bondy,0.97
PRIVÉ,093-S-LS-201809-0200,209,211,AVENUE,GALLIENI,GALLIENI,L,1,bondy,93140,211 Avenue Galliéni 93140 Bondy,0.97
IMMOBILIERE 3F,93/2017/2011-1191/158,132,132,AVENUE,GALLIENI,GALLIENI,L,4,bondy,93140,132 Avenue Galliéni 93140 Bondy,0.97
IMMOBILIERE 3F,93/2018/2011-1191/020,144,144,AVENUE,GALLIENI,GALLIENI,L,5,bondy,93140,144 Avenue Galliéni 93140 Bondy,0.97
CDC HABITAT SOCIAL,NC,211,211,AVENUE,GALLIENI,GALLIENI,L,7,bondy,93140,211 Avenue Galliéni 93140 Bondy,0.97
IMMOBILIERE 3F,93/2017/2011-1191/157,132,132,AVENUE,GALLIENI,GALLIENI,L,28,bondy,93140,132 Avenue Galliéni 93140 Bondy,0.97
IMMOBILIERE 3F,93/2018/2011-1191/019,144,144,AVENUE,GALLIENI,GALLIENI,L,41,bondy,93140,144 Avenue Galliéni 93140 Bondy,0.97
BONDY HABITAT,93/2000/85-1231/008,84,84,RUE,GALLIÉNI,GALLIÉNI,L,62,bondy,93140,84 Avenue Galliéni 93140 Bondy,0.77
IMMOBILIERE 3F,NC,2-16,10,RUE,GASTON DEFERRE,GASTON DEFERRE,L,92,bondy,93140,16 Rue Gaston Defferre 93140 Bondy,0.89
IMMOBILIERE 3F,93/2011/2002-844/117,18,18,RUE,GASTON DEFFERRE,GASTON DEFFERRE,L,3,bondy,93140,18 Rue Gaston Defferre 93140 Bondy,0.97
ICF LA SABLIERE,93/2015/2011-1191/111,2,2,RUE,GASTON DEFFERRE,GASTON DEFFERRE,L,4,bondy,93140,2 Rue Gaston Defferre 93140 Bondy,0.97
IMMOBILIERE 3F,93/2016/2011-1191/131,4-16,4,RUE,GASTON DEFFERRE,GASTON DEFFERRE,L,7,bondy,93140,16 Rue Gaston Defferre 93140 Bondy,0.92
ICF LA SABLIERE,93/2015/2011-1191/112,3,3,RUE,GASTON DEFFERRE,GASTON DEFFERRE,L,19,bondy,93140,3 Rue Gaston Defferre 93140 Bondy,0.97
IMMOBILIERE 3F,93/2011/2002-844/116,18,18,RUE,GASTON DEFFERRE,GASTON DEFFERRE,L,29,bondy,93140,18 Rue Gaston Defferre 93140 Bondy,0.97
ADEF RESIDENCES,93/2005/79-297/027,58,58,AVENUE,GENEVIÈVE ANTHONIOZ DE GAULLE             ,GENEVIÈVE ANTHONIOZ DE GAULLE             ,F,26,bondy,93140,58 Av Genevieve Anthonioz de Gaulle 93140 Bondy,0.87
BONDY HABITAT,93/2017/2011-1191/061,"2-4
28",4,"ALLEE
 AVENUE","GEORGE SAND
DE LATTRE DE TASSIGNY",GEORGE SAND,L,62,bondy,93140,28 Av du Mal de Lattre de Tassigny 93140 Bondy,0.55
VILOGIA,93/1996/80-415/050,28,28,RUE,GEORGES ELIE,GEORGES ELIE,L,8,bondy,93140,28 Rue Georges Elie 93140 Bondy,0.97
BONDY HABITAT,93/1992/85-1231/012,12 à 14,12,PLACE,"GEORGESLYSSANDRE 
NICOLE NEUBURGER",NICOLE NEUBURGER,L,611,bondy,93140,Place Nicole Neuburger 93140 Bondy,0.58
BONDY HABITAT,93/2012/2002-844/189 BIS,7,7,RUE,GERMAINE TILLON,GERMAINE TILLON,L,4,bondy,93140,7 Rue Germaine Tillion 93140 Bondy,0.88
BONDY HABITAT,93/2012/2002-844/189,7,7,RUE,GERMAINE TILLON,GERMAINE TILLON,L,46,bondy,93140,7 Rue Germaine Tillion 93140 Bondy,0.88
IMMOBILIERE 3F,93/1998/85-1231/054,42,42,AVENUE,H. BARBUSSE,H. BARBUSSE,L,80,bondy,93140,42 Avenue Henri Barbusse 93140 Bondy,0.82
CDC HABIT AT SOCIAL,93/2017/2011-1191/121,3,5,ALLEE AVENUE,"HANNAH ARENDT
GALLIENI",HANNAH ARENDT,L,18,bondy,93140,Allée Hannah Arendt 93140 Bondy,0.53
CDC HABITAT SOCIAL,93/2017/2011-1191/120,"1 et 5
158",5,ALLEE AVENUE,"HANNAH ARENDT 
GALLIENI",HANNAH ARENDT,L,11,bondy,93140,Allée Hannah Arendt 93140 Bondy,0.53
CDC HABITAT SOCIAL,93/2017/2011-1191/119,"1 et 5
158",3,"ALLEE
AVENUE","HANNAH ARENDT 
GALLIENI",HANNAH ARENDT,L,28,bondy,93140,Allée Hannah Arendt 93140 Bondy,0.53
IMMOBILIERE 3F,93/2009/2002-844/101,121,121,AVENUE,HENRI BARBUSSE,HENRI BARBUSSE,L,4,bondy,93140,121 Avenue Henri Barbusse 93140 Bondy,0.97
IMMOBILIERE 3F,93/2009/2002-844/102,121,121,AVENUE,HENRI BARBUSSE,HENRI BARBUSSE,L,30,bondy,93140,121 Avenue Henri Barbusse 93140 Bondy,0.97
IMMOBILIERE 3F,93/2018/2011-1191/029,43,43,AVENUE,HENRI VARAGNAT,HENRI VARAGNAT,L,4,bondy,93140,43 Avenue Henri Varagnat 93140 Bondy,0.97
IMMOBILIERE 3F,93/2018/2011-1191/028,43,43,AVENUE,HENRI VARAGNAT,HENRI VARAGNAT,L,21,bondy,93140,43 Avenue Henri Varagnat 93140 Bondy,0.97
BATIGEREEN IDF,93/1991/85-1231/182,16,16,RUE,JEAN JAURES,JEAN JAURES,L,14,bondy,93140,16 Rue Jean Jaurés 93140 Bondy,0.97
BONDY HABITAT,NC,1,1,RUE,JEAN JAURES,JEAN JAURES,L,19,bondy,93140,1 Rue Jean Jaurés 93140 Bondy,0.97
SEINE-SAINT-DENIS HABITAT,93/1992/85-1231/224,5-11,7,AVENUE,JEAN LEBAS,JEAN LEBAS,,20,bondy,93140,11 Avenue Jean Lebas 93140 Bondy,0.91
BONDY HABITAT,93/1998/85-1231/040,"2 à 16
14 à 26",8,AVENUE,"JEAN LEBAS
 SUZANNE BUISSON",JEAN LEBAS,L,108,bondy,93140,26 Avenue Suzanne Buisson 93140 Bondy,0.61
ESPACE HABITAT CONSTRUCTION,93/1991/85-1231/191,28-32,30,AVENUE,JEAN MOULIN,JEAN MOULIN,L,30,bondy,93140,32 Avenue Jean Moulin 93140 Bondy,0.89
SEINE-SAINT-DENIS HABITAT,93/2009/2002-844/094,"1-27 bis et
4-12
2-10
1-5 et 14-28",14,"AVENUE 
RUE
 RUE","JEAN MOULIN 
HENRI ROL-TANGUY 
LUCIE AUBRAC",LUCIE AUBRAC,L,8,bondy,93140,Rue Henri Rol Tanguy 93140 Bondy,0.33
SEINE-SAINT-DENIS HABITAT,93/2009/2002-844/093,"1-27 bis et
4-12
2-10
1-5  et 14-28",10,"AVENUE 
RUE
 RUE","JEAN MOULIN 
HENRI ROL-TANGUY 
LUCIE AUBRAC",JEAN MOULIN,L,30,bondy,93140,Rue Henri Rol Tanguy 93140 Bondy,0.33
SEINE-SAINT-DENIS HABITAT,93/1994/80-416/112,"1 à 27bis
2-6",15,"AVENUE 
RUE","JEAN MOULIN 
HENRY ROL-TANGUY",JEAN MOULIN,L,248,bondy,93140,6 Rue Henri Rol Tanguy 93140 Bondy,0.48
BONDY HABITAT,93/1991/85-1231/189,"3 à 11
39-47",43,AVENUE,"JEAN MOULIN 
JEAN LEBAS",JEAN LEBAS,L,250,bondy,93140,Avenue Jean Lebas 93140 Bondy,0.54
CDC HABITAT SOCIAL,93/2016/2011-1191/119,12-14,12,AVENUE,JULES FERRY,JULES FERRY,L,20,bondy,93140,14 Avenue Jules Ferry 93140 Bondy,0.89
CDC HABITAT SOCIAL,93/2016/2011-1191/120,12-14,12,AVENUE,JULES FERRY,JULES FERRY,L,30,bondy,93140,14 Avenue Jules Ferry 93140 Bondy,0.89
CDC HABITAT SOCIAL,93/2016/2011-1191/118,12-14,14,AVENUE,JULES FERRY,JULES FERRY,L,48,bondy,93140,14 Avenue Jules Ferry 93140 Bondy,0.89
IMMOBILIERE 3F,93/2010/2002-844/113,49 à 53,49,RUE,JULES GUESDE,JULES GUESDE,L,2,bondy,93140,53 Rue Jules Guesde 93140 Bondy,0.84
IMMOBILIERE 3F,93/2010/2002-844/114,49 à 53,51,RUE,JULES GUESDE,JULES GUESDE,L,10,bondy,93140,53 Rue Jules Guesde 93140 Bondy,0.84
SEQENS,93/1994/85-1231/003,60,60,RUE,JULES GUESDE,JULES GUESDE,L,12,bondy,93140,60 Rue Jules Guesde 93140 Bondy,0.97
SEQENS,93/1993/85-1231/164·,64,64,RUE,JULES GUESDE,JULES GUESDE,L,13,bondy,93140,64 Rue Jules Guesde 93140 Bondy,0.97
BONDY HABITAT,93/1999/85-1231/075,15 à 23,17,RUE,JULES GUESDE,JULES GUESDE,L,101,bondy,93140,23 Rue Jules Guesde 93140 Bondy,0.84
ANTIN RESIDENCES,93/1995/85-1231/057,71,71,RUE,JULES GUESDE,JULES GUESDE,L,105,bondy,93140,71 Rue Jules Guesde 93140 Bondy,0.97
SEINE-SAINT-DENIS HABITAT,93/2018/2011-1191/032,4/6/8,6,AVENUE,LEON BLUM,LEON BLUM,L,8,bondy,93140,8 Avenue Léon Blum 93140 Bondy,0.86
SEINE-SAINT-DENIS HABITAT,93/2018/2011-1191/0 34,4/6/8,6,AVENUE,LEON BLUM,LEON BLUM,L,15,bondy,93140,8 Avenue Léon Blum 93140 Bondy,0.86
SEINE-SAINT-DENIS HABITAT,93/2018/2011-1191/033,4/6/8,6,AVENUE,LEON BLUM,LEON BLUM,L,20,bondy,93140,8 Avenue Léon Blum 93140 Bondy,0.86
BONDY HABITAT,93/2011/2002-844/029,1-7,5,AVENUE,LEON BLUM,LEON BLUM,L,32,bondy,93140,7 Avenue Léon Blum 93140 Bondy,0.91
BONDY HABITAT,93/1988/85-1231/057,1-7,5,AVENUE,LEON BLUM,LEON BLUM,L,208,bondy,93140,7 Avenue Léon Blum 93140 Bondy,0.91
BONDY HABITAT,93/1988/85-1231/058,1-17,17,AVENUE,LEON BLUM,LEON BLUM,L,258,bondy,93140,17 Avenue Léon Blum 93140 Bondy,0.91
ICF LA SABLIERE,93/2015/2011-1191/045,"24-30
4",24,AVENUE,"LEON BLUM 
LEON JOUHAUX",LEON BLUM,L,5,bondy,93140,4 Avenue Leon Jouhaux 93140 Bondy,0.66
BONDY HABITAT,93/1987/85-1231/073,19 à 43,25,AVENUE,LEON BLUM ·,LEON BLUM ·,L,135,bondy,93140,43 Avenue Léon Blum 93140 Bondy,0.84
ICF LA SABLIERE,93/2015/2011-1191/046,"24-30
4",26,AVENUE,LEON BLUM LEON JOUHAUX,LEON BLUM,L,49,bondy,93140,4 Avenue Leon Jouhaux 93140 Bondy,0.66
IMMOBILIERE 3F,93/2009/2002-844/056,19,19,AVENUE,LEON JOUHAUX,LEON JOUHAUX,L,2,bondy,93140,19 Avenue Leon Jouhaux 93140 Bondy,0.97
IMMOBILIERE 3F,93/2014/2002-844/013,6,6,AVENUE,LEON JOUHAUX,LEON JOUHAUX,L,5,bondy,93140,6 Avenue Leon Jouhaux 93140 Bondy,0.97
IMMOBILIERE 3F,93/2009/2002-844/055,19,19,AVENUE,LEON JOUHAUX,LEON JOUHAUX,L,20,bondy,93140,19 Avenue Leon Jouhaux 93140 Bondy,0.97
BONDY HABITAT,93/2014/2011-1191/171,53,53,RUE,LOUIS AUGUSTE BLANQUI,LOUIS AUGUSTE BLANQUI,L,2,bondy,93140,53 Rue Louis Auguste Blanqui 93140 Bondy,0.98
BONDY HABITAT,93/2014/2011-1191/172,53,53,RUE,LOUIS AUGUSTE BLANQUI,LOUIS AUGUSTE BLANQUI,L,3,bondy,93140,53 Rue Louis Auguste Blanqui 93140 Bondy,0.98
BONDY HABITAT,93/2014/2011-1191/170,53BIS,53,RUE,LOUIS AUGUSTE BLANQUI,LOUIS AUGUSTE BLANQUI,L,10,bondy,93140,53bis Rue Louis Auguste Blanqui 93140 Bondy,0.98
BONDY HABITAT,93/2014/2011-1191/169,51BIS,51,RUE,LOUIS AUGUSTE BLANQUI,LOUIS AUGUSTE BLANQUI,L,70,bondy,93140,51bis Rue Louis Auguste Blanqui 93140 Bondy,0.98
ICF LA SABLIERE,93/1997/85-1231/083,125,125,RUE,LOUIS AUGUSTE BLANQUI,LOUIS AUGUSTE BLANQUI,L,200,bondy,93140,125 Rue Louis Auguste Blanqui 93140 Bondy,0.98
BONDY HABITAT,93/1998/85-1231/074,"106 bis à
132 bis",120,RUE,LOUIS AUGUSTE BLANQUI,LOUIS AUGUSTE BLANQUI,L,513,bondy,93140,132bis Rue Louis Auguste Blanqui 93140 Bondy,0.76
BONDY HABITAT,93/1990/85-1231/082,"35-43 et 71
20-24",71,"RUE 
AVENUE",LOUIS AUGUSTE BLANQUI DE LATTRE DE TASSIGNY,LOUIS AUGUSTE BLANQUI DE LATTRE DE TASSIGNY,L,116,bondy,93140,24 Rue Louis Auguste Blanqui 93140 Bondy,0.5
IMMOBILIERE 3F,93/2010/2002-844/179,140,140,RUE,LOUIS BLANQUI,LOUIS BLANQUI,L,2,bondy,93140,140 Rue Louis Auguste Blanqui 93140 Bondy,0.8
IMMOBILIERE 3F,93/2010/2002-844/180,140,140,RUE,LOUIS BLANQUI,LOUIS BLANQUI,L,16,bondy,93140,140 Rue Louis Auguste Blanqui 93140 Bondy,0.8
IMMOBILIERE 3F,93/2012/2002-844/010 ,38,38,RUE,LUCIEN CHAPELAIN,LUCIEN CHAPELAIN,L,15,bondy,93140,38 Rue Lucien Chapelain 93140 Bondy,0.97
IMMOBILIERE 3F,93/2012/2002-844/009,46,46,RUE,LUCIEN CHAPELAIN,LUCIEN CHAPELAIN,L,84,bondy,93140,46 Rue Lucien Chapelain 93140 Bondy,0.97
CDC HABITAT SOCIAL,93/2013/2011-1191/135,17,17,RUE,LUCIEN CHAPELAIN,LUCIEN CHAPELAIN,L,100,bondy,93140,17 Rue Lucien Chapelain 93140 Bondy,0.97
IMMOBILIERE 3F,93/2012/2002-844/011,44,44,RUE,"LUCIEN CHAPELAIN
FRANCOIS VILLON",FRANCOIS VILLON,L,9,bondy,93140,44 Rue Lucien Chapelain 93140 Bondy,0.68
LA PLAINE DE FRANCE,93/1995/85-1231/040,11-17,15,RUE,MAURICE BENHAMOU,MAURICE BENHAMOU,L,103,bondy,93140,17 Avenue Maurice Benhamou 93140 Bondy,0.75
LOGIS TRANSPORTS,93/1994/85-1231/145,"11-17
12",17,RUE,"MAURICE BENHAMOU
 HENRI VARAGNAT",MAURICE BENHAMOU,L,47,bondy,93140,12 Avenue Maurice Benhamou 93140 Bondy,0.56
CDC HABITAT SOCIAL,93/2017/2011-356/155,31,,AVENUE,PASTEUR,PASTEUR,F,100,bondy,93140,31 Avenue Pasteur 93140 Bondy,0.97
CDC HABITAT SOCIAL,93/2017/2011-356/156,31,,AVENUE,PASTEUR,PASTEUR,F,100,bondy,93140,31 Avenue Pasteur 93140 Bondy,0.97
IMMOBILIERE 3F,93/2011/2002-844/058,2,2,ALLEE,PAUL LAFARGUE,PAUL LAFARGUE,L,6,bondy,93140,2 Allée Paul Lafargue 93140 Bondy,0.97
IMMOBILIERE 3F,93/2011/2002-844/057,27,27,ALLEE,PAUL LAFARGUE,PAUL LAFARGUE,L,54,bondy,93140,27 Allée Paul Lafargue 93140 Bondy,0.97
ICF LA SABLIERE,93/1997/85-1231/054,24-28,26,RUE,POLISSARD,POLISSARD,L,61,bondy,93140,28 Rue Auguste Polissard 93140 Bondy,0.71
SCI FONCIERE Dl 01/2005,93/2005/2002-846/048,,,RUE,RENÉ DUMONT,RENÉ DUMONT,L,91,bondy,93140,Rue René Dumont 93140 Bondy,0.96
CDC HABITAT SOCIAL,93/1984/79-444/004,2,2,RUE,"ROBERT DOUVILLEZ 
VILLA DES CERISES",ROBERT DOUVILLEZ,L,23,bondy,93140,2 Rue Robert Douvillez 93140 Bondy,0.65
PRIVÉ,93/1980/78-1307/050,26,26,RUE,ROGER SALENGRO,ROGER SALENGRO,L,1,bondy,93140,26 Rue Roger Salengro 93140 Bondy,0.98
SEQENS,93/2013/2011-1191/137,4,4,RUE,ROGER SALENGRO,ROGER SALENGRO,L,1,bondy,93140,4 Rue Roger Salengro 93140 Bondy,0.98
SEQENS,93/2013/2011-1191/138,4,4,RUE,ROGER SALENGRO,ROGER SALENGRO,L,3,bondy,93140,4 Rue Roger Salengro 93140 Bondy,0.98
BONDY HABITAT,93/201812011-1191/095,34bis -34ter,34,RUE,ROGER SALENGRO,ROGER SALENGRO,L,4,bondy,93140,34ter Rue Roger Salengro 93140 Bondy,0.84
BONDY HABITAT,93/2018/2011-1191/094,34bis -34ter,34,RUE,ROGER SALENGRO,ROGER SALENGRO,L,16,bondy,93140,34ter Rue Roger Salengro 93140 Bondy,0.84
ESPACE HABITAT CONSTRUCTION,93/1989/85-1231/071,107,107,RUE,ROGER SALENGRO,ROGER SALENGRO,L,45,bondy,93140,107 Rue Roger Salengro 93140 Bondy,0.98
BONDY HABITAT,93/1990/85-1231/058,156 à 164,160,RUE,ROGER SALENGRO,ROGER SALENGRO,L,48,bondy,93140,164 Rue Roger Salengro 93140 Bondy,0.84
ANTIN RESIDENCES,93/1993/85-1231/123,20-22,22,RUE,ROGER SALENGRO,ROGER SALENGRO,L,56,bondy,93140,22 Rue Roger Salengro 93140 Bondy,0.9
BONDY HABITAT,93/2010/2002-844/098,7,7,RUE,SIMONE DE B.EAUVOIR,SIMONE DE BEAUVOIR,L,23,bondy,93140,7 Rue Simone de Beauvoir 93140 Bondy,0.89
SEINE-SAINT-DENIS HABITAT,93/2007/2002-844/054,1-27,15,AVENUE,SUZANNE BUISSON,SUZANNE BUISSON,L,26,bondy,93140,27 Avenue Suzanne Buisson 93140 Bondy,0.92
BONDY HABITAT,93/1999/85-1231/074,"1 à 27
et 2 à 34",27,AVENUE,SUZANNE BUISSON,SUZANNE BUISSON,L,200,bondy,93140,34 Avenue Suzanne Buisson 93140 Bondy,0.71
BONDY HABITAT,93/2017/2011-1191/167,30-30bis,30,AVENUE,VARAGNAT,VARAGNAT,L,2,bondy,93140,30bis Avenue Henri Varagnat 93140 Bondy,0.77
BONDY HABITAT,93/2017/2011-1191/168,30-30bis,30,AVENUE,VARAGNAT,VARAGNAT,L,8,bondy,93140,30bis Avenue Henri Varagnat 93140 Bondy,0.77
BONDY HABITAT,93/2017/2011-1191/166,30-30bis,30,AVENUE,VARAGNAT,VARAGNAT,L,28,bondy,93140,30bis Avenue Henri Varagnat 93140 Bondy,0.77
