"MOT_DIR","NOM_MIN","TYPE_VOIE","statut","MOT_DIR2","X","X.1"
"abeilles","villa des abeilles","villa","original","ABEILLES",NA,""
"alice","allée alice","allée","original","ALICE",NA,""
"alouettes","allée des alouettes","allée","original","ALOUETTES",NA,""
"alpy","rue henri alpy","rue","original","ALPY",NA,""
"andrea","allée andrea","allée","original","ANDREA",NA,""
"anémones","allée des anémones","allée","original","ANEMONES",NA,""
"apollinaire","rue guillaume apollinaire","rue","original","APOLLINAIRE",NA,""
"arendt","allée hannah arendt","allée","original","ARENDT",NA,""
"arts","allée des arts","allée","original","ARTS",NA,""
"aubiers","rue des francs aubiers","rue","original","AUBIERS",NA,""
"aubrac","rue lucie aubrac","rue","original","AUBRAC",NA,""
"auffret","rue jules auffret","rue","original","AUFFRET",NA,""
"aulnay","route d'aulnay","route","original","AULNAY",NA,""
"auriol","rue jacqueline auriol","rue","original","AURIOL",NA,""
"aviation","rue de l'aviation","rue","original","AVIATION",NA,""
"azalées","allée des azalées","allée","original","AZALEES",NA,""
"barbe rue","rue sainte-barbe","rue","modif","BARBE RUE",NA,""
"barbe ruelle","ruelle sainte-barbe","ruelle","modif","BARBE RUELLE",NA,""
"barbusse","avenue henri barbusse","avenue","original","BARBUSSE",NA,""
"bastié","allée maryse bastié","allée","original","BASTIE",NA,""
"baudin","rue baudin","rue","original","BAUDIN",NA,""
"baurit","rue de l'abbé maurice baurit","rue","original","BAURIT",NA,""
"beauregard","rue beauregard","rue","original","BEAUREGARD",NA,""
"beauvoir","rue simone de beauvoir","rue","original","BEAUVOIR",NA,""
"becquerel","allée becquerel","allée","original","BECQUEREL",NA,""
"bel air","rue du bel-air","rue","modif2","BEL AIR",NA,""
"belfort","avenue de belfort","avenue","original","BELFORT",NA,""
"bellay","allée joachim du bellay","allée","original","BELLAY",NA,""
"benhamou","avenue maurice benhamou","avenue","original","BENHAMOU",NA,""
"béranger","rue béranger","rue","original","BERANGER",NA,""
"berlioz","allée hector berlioz","allée","original","BERLIOZ",NA,""
"berthelot","rue marcellin berthelot","rue","original","BERTHELOT",NA,""
"blaise","rue de la terre saint-blaise","rue","original","BLAISE",NA,""
"blanqui","rue louis auguste blanqui","rue","original","BLANQUI",NA,""
"blériot avenue","avenue blériot","avenue","modif","BLERIOT AVENUE",NA,""
"blériot sentier","sentier blériot","sentier","modif","BLERIOT SENTIER",NA,""
"blum","avenue léon blum","avenue","original","BLUM",NA,""
"bobillot","rue du sergent bobillot","rue","original","BOBILLOT",NA,""
"boileau","allée boileau","allée","original","BOILEAU",NA,""
"bolívar","allée simón bolívar","allée","original","BOLIVAR",NA,""
"bon air","rue du bon air","rue","modif2","BON AIR",NA,""
"bondy","rue de bondy","rue","original","BONDY",NA,""
"bonnet","rue robert bonnet","rue","original","BONNET",NA,""
"bordier","rue bordier","rue","original","BORDIER",NA,""
"borel","rue borel","rue","original","BOREL",NA,""
"bosquets","allée des bosquets","allée","original","BOSQUETS",NA,""
"bouleaux","allée des bouleaux","allée","original","BOULEAUX",NA,""
"bourdieu","sentier pierre bourdieu","sentier","original","BOURDIEU",NA,""
"brassens","impasse georges brassens","impasse","original","BRASSENS",NA,""
"bréchet","villa du bréchet","villa","original","BRECHET",NA,""
"brel","impasse jacques brel","impasse","original","BREL",NA,""
"breuil rue","rue du breuil","rue","modif","BREUIL RUE",NA,""
"breuil villa","villa du breuil","villa","modif","BREUIL VILLA",NA,""
"brossolette","rue pierre brossolette","rue","original","BROSSOLETTE",NA,""
"buisson allée","allée du gros buisson","allée","modif","BUISSON ALLEE",NA,""
"buisson avenue","avenue suzanne buisson","avenue","modif","BUISSON AVENUE",NA,""
"butte","rue de la butte","rue","original","BUTTE",NA,""
"caderas","avenue caderas","avenue","original","CADERAS",NA,""
"carman","rue joe carman","rue","original","CARMAN",NA,""
"carnot avenue","avenue carnot","avenue","modif","CARNOT AVENUE",NA,""
"carnot impasse","impasse carnot","impasse","modif","CARNOT IMPASSE",NA,""
"carnot villa","villa carnot","villa","modif","CARNOT VILLA",NA,""
"carrouges","chemin des carrouges","chemin","original","CARROUGES",NA,""
"castel","impasse du castel","impasse","original","CASTEL",NA,""
"cerises","villa des cerises","villa","original","CERISES",NA,""
"chalet","rue du chalet","rue","original","CHALET",NA,""
"champart","rue du champart","rue","original","CHAMPART",NA,""
"chapelain","rue lucien chapelain","rue","original","CHAPELAIN",NA,""
"char rue","rue rené char","rue","modif","CHAR RUE",NA,""
"char sentier","sentier rené char","sentier","modif","CHAR SENTIER",NA,""
"château","rue du vieux château","rue","original","CHATEAU",NA,""
"chênes","allée des chênes","allée","original","CHÊNES",NA,""
"cheval","rue du fer à cheval","rue","original","CHEVAL",NA,""
"clair","impasse rené clair","impasse","original","CLAIR",NA,""
"claye","chemin de montreuil à claye","chemin","original","CLAYE",NA,""
"clocher","avenue du clocher","avenue","original","CLOCHER",NA,""
"clos","rue du clos vaillant","rue","modif2","CLOS",NA,""
"cochin","rue denys cochin","rue","original","COCHIN",NA,""
"collardeau","rue phileas collardeau","rue","original","COLLARDEAU",NA,""
"collet","rue françois collet","rue","original","COLLET",NA,""
"collignon","rue louis léon collignon","rue","original","COLLIGNON",NA,""
"colombes","allée des colombes","allée","original","COLOMBES",NA,""
"communes","allée des 2 communes","allée","original","COMMUNES",NA,""
"compagnon","rue compagnon","rue","original","COMPAGNON",NA,""
"concorde","allée de la concorde","allée","original","CONCORDE",NA,""
"condorcet","allée condorcet","allée","original","CONDORCET",NA,""
"coquelicots","allée des coquelicots","allée","original","COQUELICOTS",NA,""
"corneille","allée corneille","allée","original","CORNEILLE",NA,""
"courtade","allée jean courtade","allée","original","COURTADE",NA,""
"couturier","rue paul vaillant couturier","rue","original","COUTURIER",NA,""
"cronstadt","rue de cronstadt","rue","original","CRONSTADT",NA,""
"curie","avenue marie curie","avenue","original","CURIE",NA,""
"cycle","rue du cycle","rue","original","CYCLE",NA,""
"dahlias","allée des dahlias","allée","original","DAHLIAS",NA,""
"darty","rue des frères darty","rue","original","DARTY",NA,""
"dassault","rue marcel dassault","rue","original","DASSAULT",NA,""
"daubie","rue julie victoire daubie","rue","original","DAUBIE",NA,""
"debussy","allée claude debussy","allée","original","DEBUSSY",NA,""
"defferre","rue gaston defferre","rue","original","DEFFERRE",NA,""
"delacroix","allée eugène delacroix","allée","original","DELACROIX",NA,""
"délaine","rue césar délaine","rue","original","DELAINE",NA,""
"denise","avenue denise","avenue","original","DENISE",NA,""
"deraimes","allée maria deraimes","allée","original","DERAIMES",NA,""
"deviniere","allée de la devinière","allée","original","DEVINIERE",NA,""
"dolet","rue etienne dolet","rue","original","DOLET",NA,""
"dormoy","avenue marx dormoy","avenue","original","DORMOY",NA,""
"douillot","rue henri douillot","rue","original","DOUILLOT",NA,""
"douvillez","rue robert douvillez","rue","original","DOUVILLEZ",NA,""
"dumesnil","avenue dumesnil","avenue","original","DUMESNIL",NA,""
"dumont","rue rené dumont","rue","original","DUMONT",NA,""
"dunant","rue henri dunant","rue","original","DUNANT",NA,""
"duras","rue marguerite duras","rue","original","DURAS",NA,""
"écoles place","place des écoles","place","modif","ECOLES PLACE",NA,""
"écoles rue","rue des écoles","rue","modif","ECOLES RUE",NA,""
"égalité allée","allée de l'égalité","allée","modif","EGALITE ALLEE",NA,""
"égalité rue","rue de l'égalité","rue","modif","EGALITE RUE",NA,""
"élie","rue georges élie","rue","original","ELIE",NA,""
"eluard","rue paul eluard","rue","original","ELUARD",NA,""
"érables","allée des érables","allée","original","ERABLES",NA,""
"escholiers","rue des escholiers","rue","original","ESCHOLIERS",NA,""
"espérance","avenue de l'espérance","avenue","original","ESPERANCE",NA,""
"espéranto","allée espéranto","allée","original","ESPERANTO",NA,""
"est","avenue de l'est","avenue","original","EST",NA,""
"étoile","allée de l'étoile","allée","original","ETOILE",NA,""
"eudemon","place eudemon","place","original","EUDEMON",NA,""
"fairon","rue emmanuel fairon","rue","original","FAIRON",NA,""
"fauré","allée gabriel fauré","allée","original","FAURE",NA,""
"fauvette","allée de la fauvette","allée","original","FAUVETTE",NA,""
"fer","rue du chemin de fer","rue","original","FER",NA,""
"fer prolongée","rue du chemin de fer prolongée","rue","modif2","FER PROLONGEE",NA,""
"ferdinand","rue charles ferdinand","rue","original","FERDINAND",NA,""
"ferry","avenue jules ferry","avenue","original","FERRY",NA,""
"fleurs","place des fleurs","place","original","FLEURS",NA,""
"fleury","villa fleury","villa","original","FLEURY",NA,""
"floralies","rue des floralies","rue","original","FLORALIES",NA,""
"fontaine","rue fontaine","rue","original","FONTAINE",NA,""
"forêt","pont de la forêt","pont","original","FORÊT",NA,""
"fougères","allée des fougères","allée","original","FOUGERES",NA,""
"fourcade","mail marie-madeleine fourcade","mail","original","FOURCADE",NA,""
"france","avenue anatole france","avenue","original","FRANCE",NA,""
"frank","allée anne frank","allée","original","FRANK",NA,""
"fraternité","rue de la fraternité","rue","original","FRATERNITE",NA,""
"fremin","rue fremin","rue","original","FREMIN",NA,""
"frênes","allée des frênes","allée","original","FRÊNES",NA,""
"furci","allée de furci","allée","original","FURCI",NA,""
"gabrielle","allée gabrielle","allée","original","GABRIELLE",NA,""
"gallieni","avenue gallieni","avenue","original","GALLIENI",NA,""
"gare","place de la gare","place","original","GARE",NA,""
"gargantua","rue gargantua","rue","original","GARGANTUA",NA,""
"gâtine","rue gâtine","rue","original","GATINE",NA,""
"gaulle avenue","avenue geneviève anthonioz de gaulle","avenue","modif","GAULLE AVENUE",NA,""
"gaulle place","place charles de gaulle","place","modif","GAULLE PLACE",NA,""
"gaulois","rue du coq gaulois","rue","original","GAULOIS",NA,""
"gazelles","rue des gazelles","rue","original","GAZELLES",NA,""
"glaïeuls","allée des glaïeuls","allée","original","GLAÏEULS",NA,""
"glycines","allée des glycines","allée","original","GLYCINES",NA,""
"gounod","allée charles gounod","allée","original","GOUNOD",NA,""
"goya","allée goya","allée","original","GOYA",NA,""
"graff","rue georges graff","rue","original","GRAFF",NA,""
"grandet","avenue clara grandet","avenue","original","GRANDET",NA,""
"groslay","chemin de groslay","chemin","original","GROSLAY",NA,""
"groussier","rue arthur groussier","rue","original","GROUSSIER",NA,""
"guesde","rue jules guesde","rue","original","GUESDE",NA,""
"gueugnon","avenue gueugnon","avenue","original","GUEUGNON",NA,""
"guyard","rue amédée guyard","rue","original","GUYARD",NA,""
"halage","chemin de halage","chemin","original","HALAGE",NA,""
"halimi","rue gisèle halimi","rue","original","HALIMI",NA,""
"haydn","impasse haydn","impasse","original","HAYDN",NA,""
"hêtres","allée des hêtres","allée","original","HÊTRES",NA,""
"homme","rue des droits de l'homme","rue","original","HOMME",NA,""
"hortensias","allée des hortensias","allée","original","HORTENSIAS",NA,""
"hugo","allée victor hugo","allée","original","HUGO",NA,""
"idéal","avenue de l'idéal","avenue","original","IDEAL",NA,""
"ingres","allée dominique ingres","allée","original","INGRES",NA,""
"iris","allée des iris","allée","original","IRIS",NA,""
"jardinière allée","allée de la jardinière","allée","modif","JARDINIERE ALLEE",NA,""
"jardinière impasse","impasse de la jardinière","impasse","modif","JARDINIERE IMPASSE",NA,""
"jaurès","rue jean jaurès","rue","original","JAURES",NA,""
"jeannette","allée de la villa jeannette","allée","original","JEANNETTE",NA,""
"jouhaux","avenue léon jouhaux","avenue","original","JOUHAUX",NA,""
"juillet","avenue du 14 juillet","avenue","original","JUILLET",NA,""
"jussieu","rue bernard de jussieu","rue","original","JUSSIEU",NA,""
"king","rue martin luther king","rue","original","KING",NA,""
"kipling","rue rudyard kipling","rue","original","KIPLING",NA,""
"lafargue","allée paul lafargue","allée","original","LAFARGUE",NA,""
"latéral","chemin latéral","chemin","original","LATERAL",NA,""
"laug","rue laug","rue","original","LAUG",NA,""
"laurencin","allée marie laurencin","allée","original","LAURENCIN",NA,""
"lauriers","allée des lauriers","allée","original","LAURIERS",NA,""
"lavigne","villa lavigne","villa","original","LAVIGNE",NA,""
"lebas","avenue jean lebas","avenue","original","LEBAS",NA,""
"leclerc","place de la division leclerc","place","original","LECLERC",NA,""
"lecomte","rue jules lecomte","rue","original","LECOMTE",NA,""
"leder","rue david leder","rue","original","LEDER",NA,""
"lelong","rue jules lelong","rue","original","LELONG",NA,""
"léon allée","allée léon","allée","modif","LEON ALLEE",NA,""
"léon rue","rue désiré léon","rue","modif","LEON RUE",NA,""
"lettres","allée des lettres","allée","original","LETTRES",NA,""
"levant","rue du levant","rue","original","LEVANT",NA,""
"liberté impasse","impasse de la liberté","impasse","modif","LIBERTE IMPASSE",NA,""
"liberté rue","rue de la liberté","rue","modif","LIBERTE RUE",NA,""
"lilas","allée des lilas","allée","original","LILAS",NA,""
"limites","rue des limites","rue","original","LIMITES",NA,""
"lion","rue du lion","rue","original","LION",NA,""
"lisle","avenue rouget de lisle","avenue","original","LISLE",NA,""
"louis","rue saint-louis","rue","original","LOUIS",NA,""
"louis prolongée","rue saint-louis prolongée","rue","modif2","LOUIS PROLONGEE",NA,""
"louise","allée louise","allée","original","LOUISE",NA,""
"lyssandre","place georges lyssandre","place","original","LYSSANDRE",NA,""
"madeleine","villa madeleine","villa","original","MADELEINE",NA,""
"magne","rue charles magne","rue","original","MAGNE",NA,""
"mai","square du 8 mai 1945","square","original","MAI",NA,""
"manet","allée manet","allée","original","MANET",NA,""
"maraîchers","rue des maraîchers","rue","original","MARAÎCHERS",NA,""
"marguerite","avenue marguerite","avenue","original","MARGUERITE",NA,""
"marronniers","villa des marronniers","villa","original","MARRONNIERS",NA,""
"marthe","allée alexandre marthe","allée","original","MARTHE",NA,""
"martí","allée josé martí","allée","original","MARTI",NA,""
"martin allée","allée san martin","allée","modif","MARTIN ALLEE",NA,""
"martin rue","rue françois martin","rue","modif","MARTIN RUE",NA,""
"masson","rue eugène masson","rue","original","MASSON",NA,""
"maupassant","rue guy de maupassant","rue","original","MAUPASSANT",NA,""
"meaux","rue de meaux","rue","original","MEAUX",NA,""
"merlan","chemin du merlan","chemin","original","MERLAN",NA,""
"mesarmes","avenue des mesarmes","avenue","original","MESARMES",NA,""
"metz","avenue de metz","avenue","original","METZ",NA,"MOLIÈRE"
"michel","allée louise michel","allée","original","MICHEL",NA,""
"michelet passage","passage michelet","passage","modif","MICHELET PASSAGE",NA,""
"michelet rue","rue michelet","rue","modif","MICHELET RUE",NA,""
"midi","rue du midi","rue","original","MIDI",NA,""
"mignard","allée mignard","allée","original","MIGNARD",NA,""
"millet","allée millet","allée","original","MILLET",NA,""
"moleret","rue du moleret","rue","original","MOLERET",NA,""
"molière","allée molière","allée","original","MOLIERE",NA,""
"monnet","rue jean monnet","rue","original","MONNET",NA,""
"monod","rue théodore monod","rue","original","MONOD",NA,""
"montplaisir","allée montplaisir","allée","original","MONTPLAISIR",NA,""
"moulin allée","allée du moulin","allée","modif","MOULIN ALLEE",NA,""
"moulin avenue","avenue jean moulin","avenue","modif","MOULIN AVENUE",NA,""
"moulin rue","rue du vieux moulin","rue","modif","MOULIN RUE",NA,""
"mouly","rue henri mouly","rue","original","MOULY",NA,""
"mozart","allée mozart","allée","original","MOZART",NA,""
"muguet","allée du muguet","allée","original","MUGUET",NA,""
"murad","rue nadia murad","rue","original","MURAD",NA,""
"nancy","avenue de nancy","avenue","original","NANCY",NA,""
"néel","rue alexandra david néel","rue","original","NEEL",NA,""
"neruda","allée pablo neruda","allée","original","NERUDA",NA,""
"neuburger","place nicole neuburger","place","original","NEUBURGER",NA,""
"neuve","rue neuve","rue","original","NEUVE",NA,""
"noémie","rue noémie","rue","original","NOEMIE",NA,""
"novembre","place du 11 novembre 1918","place","original","NOVEMBRE",NA,""
"orchidées","allée des orchidées","allée","original","ORCHIDEES",NA,""
"orme","allée de l'orme","allée","original","ORME",NA,""
"ormes","rue des 5 ormes","rue","original","ORMES",NA,""
"pain","rue odette pain","rue","original","PAIN",NA,""
"paix","allée de la paix","allée","original","PAIX",NA,""
"pantagruel","mail pantagruel","mail","original","PANTAGRUEL",NA,""
"panurge","rue de panurge","rue","original","PANURGE",NA,""
"pâquerettes","allée des pâquerettes","allée","original","PAQUERETTES",NA,""
"parisienne avenue","avenue de la parisienne","avenue","modif","PARISIENNE AVENUE",NA,""
"parisienne impasse","impasse de la parisienne","impasse","modif","PARISIENNE IMPASSE",NA,""
"parmentier","villa parmentier","villa","original","PARMENTIER",NA,""
"pasteur","avenue pasteur","avenue","original","PASTEUR",NA,""
"paul","rue marcel paul","rue","original","PAUL",NA,""
"pensées","allée des pensées","allée","original","PENSEES",NA,""
"peupliers","rue des peupliers","rue","original","PEUPLIERS",NA,""
"philosophie","rue de la philosophie","rue","original","PHILOSOPHIE",NA,""
"pinsons","allée des pinsons","allée","original","PINSONS",NA,""
"plaisance","rue de plaisance","rue","original","PLAISANCE",NA,""
"platanes","avenue des platanes","avenue","original","PLATANES",NA,""
"polissard","rue auguste polissard","rue","original","POLISSARD",NA,""
"pont chemin","chemin du pont","chemin","modif","PONT CHEMIN",NA,""
"pont rampe","rampe du pont","rampe","modif","PONT RAMPE",NA,""
"poque","allée poque","allée","original","POQUE",NA,""
"potager","rue du potager","rue","original","POTAGER",NA,""
"pottier allée","allée pottier","allée","modif","POTTIER ALLEE",NA,""
"pottier impasse","impasse fernand pottier","impasse","modif","POTTIER IMPASSE",NA,""
"pressense","rue de pressense","rue","original","PRESSENSE",NA,""
"primevères","allée des primevères","allée","original","PRIMEVERES",NA,""
"prof vaillant","rue du professeur vaillant","rue","modif2","PROF VAILLANT",NA,""
"progrès","rue du progrès","rue","original","PROGRES",NA,""
"prolongée chemin","chemin de la mare à la veuve prolongée","chemin","modif","PROLONGEE CHEMIN",NA,""
"rabelais","rue rabelais","rue","original","RABELAIS",NA,""
"racine","allée racine","allée","original","RACINE",NA,""
"raoul","rue raoul","rue","original","RAOUL",NA,""
"raphaël","allée raphaël","allée","original","RAPHAEL",NA,""
"raspail","allée raspail","allée","original","RASPAIL",NA,""
"régale","allée de la régale","allée","original","REGALE",NA,""
"renaud","rue paul renaud","rue","original","RENAUD",NA,""
"renoncules","allée des renoncules","allée","original","RENONCULES",NA,""
"république avenue","avenue de la république","avenue","modif","REPUBLIQUE AVENUE",NA,""
"république cours","cours de la république","cours","modif","REPUBLIQUE COURS",NA,""
"république place","place de la république","place","modif","REPUBLIQUE PLACE",NA,""
"rimbaud place","place arthur rimbaud","place","modif","RIMBAUD PLACE",NA,""
"rimbaud rue","rue arthur rimbaud","rue","modif","RIMBAUD RUE",NA,""
"roger","rue pauline roger","rue","original","ROGER",NA,""
"ronsard","rue pierre de ronsard","rue","original","RONSARD",NA,""
"roses","allée des roses","allée","original","ROSES",NA,""
"rosny","avenue de rosny","avenue","original","ROSNY",NA,""
"rousseau","rue jean jacques rousseau","rue","original","ROUSSEAU",NA,""
"rulhiere","allée rulhière","allée","original","RULHIERE",NA,""
"sakharov","rue andreï sakharov","rue","original","SAKHAROV",NA,""
"salengro","rue roger salengro","rue","original","SALENGRO",NA,""
"sand","allée georges sand","allée","original","SAND",NA,""
"saules","cité des saules","cité","original","SAULES",NA,""
"sautereau","allée sautereau","allée","original","SAUTEREAU",NA,""
"schoelcher","place victor schoelcher","place","original","SCHOELCHER",NA,""
"sciences","avenue des sciences","avenue","original","SCIENCES",NA,""
"séailles","villa gabriel séailles","villa","original","SEAILLES",NA,""
"sembat","allée marcel sembat","allée","original","SEMBAT",NA,""
"septembre","rue du 4 septembre","rue","original","SEPTEMBRE",NA,""
"sillons","allée des courts sillons","allée","original","SILLONS",NA,""
"solidarité impasse","impasse de la solidarité","impasse","modif","SOLIDARITE IMPASSE",NA,""
"solidarité rue","rue de la solidarité","rue","modif","SOLIDARITE RUE",NA,""
"sorbiers","allée des sorbiers","allée","original","SORBIERS",NA,""
"stains","route de stains","route","original","STAINS",NA,""
"strasbourg","boulevard de strasbourg","boulevard","original","STRASBOURG",NA,""
"surcouf","allée surcouf","allée","original","SURCOUF",NA,""
"sycomores","allée des sycomores","allée","original","SYCOMORES",NA,""
"sylphes","allée des sylphes","allée","original","SYLPHES",NA,""
"sylvestre","allée anne sylvestre","allée","original","SYLVESTRE",NA,""
"tabarly","rue éric tabarly","rue","original","TABARLY",NA,""
"tanguy","rue henri rol tanguy","rue","original","TANGUY",NA,""
"tassigny","avenue du maréchal de lattre de tassigny","avenue","original","TASSIGNY",NA,""
"thérèse","allée thérèse","allée","original","THERESE",NA,""
"thomas","place albert thomas","place","original","THOMAS",NA,""
"thorel","villa thorel","villa","original","THOREL",NA,""
"tilleuls","allée des tilleuls","allée","original","TILLEULS",NA,""
"tillion","rue germaine tillion","rue","original","TILLION",NA,""
"tjibaou","rue jean-marie tjibaou","rue","original","TJIBAOU",NA,""
"tremeuge","rue de tremeuge","rue","original","TREMEUGE",NA,""
"trinquamelle","rue trinquamelle","rue","original","TRINQUAMELLE",NA,""
"tulipes","allée des tulipes","allée","original","TULIPES",NA,""
"union","rue de l'union","rue","original","UNION",NA,""
"vaillant","rue édouard vaillant","rue","modif2","VAILLANT",NA,""
"varagnat","avenue henri varagnat","avenue","original","VARAGNAT",NA,""
"varlin","rue eugène varlin","rue","original","VARLIN",NA,""
"varsovie","rue de varsovie","rue","original","VARSOVIE",NA,""
"veil","rue simone veil","rue","original","VEIL",NA,""
"vercors","passage du vercors","passage","original","VERCORS",NA,""
"verdun","avenue de verdun","avenue","original","VERDUN",NA,""
"verger rond-point","rond-point du verger","rond-point","modif","VERGER ROND-POINT",NA,""
"verger rue","rue du verger","rue","modif","VERGER RUE",NA,""
"versailles","rue de versailles","rue","original","VERSAILLES",NA,""
"veuve","chemin de la mare à la veuve","chemin","original","VEUVE",NA,""
"vignes","allée des vignes","allée","original","VIGNES",NA,""
"villageoise","avenue de la villageoise","avenue","original","VILLAGEOISE",NA,""
"villégiature","avenue de la villégiature","avenue","original","VILLEGIATURE",NA,""
"villemomble","route de villemomble","route","original","VILLEMOMBLE",NA,""
"villes","passage des deux villes","passage","original","VILLES",NA,""
"villon","rue françois villon","rue","original","VILLON",NA,""
"violettes","impasse des violettes","impasse","original","VIOLETTES",NA,""
"voltaire","allée voltaire","allée","original","VOLTAIRE",NA,""
"vous","allée du rendez-vous","allée","original","VOUS",NA,""
"watteau","allée watteau","allée","original","WATTEAU",NA,""
"weiss","allée louise weiss","allée","original","WEISS",NA,""
"wiener","impasse jean wiener","impasse","original","WIENER",NA,""
"yvonne","rue yvonne","rue","original","YVONNE",NA,""
"zola","rue émile zola","rue","original","ZOLA",NA,""
